".y."	"group1"	"group2"	"n1"	"n2"	"statistic"	"p"	"p.adj"	"p.adj.signif"	"p.adj.formatted"
"values"	"Embryo"	"ED"	64	64	3.7124210032418	0.000205286144469128	0.000307929216703692	"***"	"0.000308"
"values"	"Embryo"	"WD"	64	64	-0.329250705943039	0.741966199672049	0.741966199672049	"ns"	"0.742"
"values"	"ED"	"WD"	64	64	-4.04167170918484	5.30714980641606e-05	0.000159214494192482	"***"	"0.000159"
