".y."	"group1"	"group2"	"n1"	"n2"	"statistic"	"p"	"p.adj"	"p.adj.signif"	"p.adj.formatted"
"values"	"Embryo"	"ED"	64	64	12.2474900278329	1.73276049023992e-34	5.19828147071975e-34	"****"	"5.2e-34"
"values"	"Embryo"	"WD"	64	64	5.65611357649008	1.54839025000952e-08	1.54839025000952e-08	"****"	"1.55e-08"
"values"	"ED"	"WD"	64	64	-6.59137645134277	4.35767375808761e-11	6.53651063713141e-11	"****"	"6.54e-11"
