".y."	"group1"	"group2"	"n1"	"n2"	"statistic"	"p"	"p.adj"	"p.adj.signif"	"p.adj.formatted"
"values"	"cl1"	"cl2"	64	64	5.85016471719081	4.91086439023833e-09	7.3662965853575e-09	"****"	"7.37e-09"
"values"	"cl1"	"cl3"	64	64	-3.73627975004927	0.000186762885190566	0.000186762885190566	"***"	"0.000187"
"values"	"cl2"	"cl3"	64	64	-9.58644446724008	9.11728179575469e-22	2.73518453872641e-21	"****"	"2.74e-21"
