".y."	"group1"	"group2"	"n1"	"n2"	"statistic"	"p"	"p.adj"	"p.adj.signif"	"p.adj.formatted"
"values"	"Embryo"	"ED"	64	64	10.0938404826789	5.88221060406367e-24	1.7646631812191e-23	"****"	"1.76e-23"
"values"	"Embryo"	"WD"	64	64	3.82535240479715	0.000130585152036668	0.000130585152036668	"***"	"0.000131"
"values"	"ED"	"WD"	64	64	-6.26848807788173	3.64570529818574e-10	5.46855794727861e-10	"****"	"5.47e-10"
