".y."	"group1"	"group2"	"n1"	"n2"	"statistic"	"p"	"p.adj"	"p.adj.signif"	"p.adj.formatted"
"values"	"PH18_10000-300000"	"PH29_10000-300000"	1092	1092	1.75661712236927	0.0789830924797001	0.1579661849594	"ns"	"0.158"
"values"	"PH18_300000-5000000"	"PH29_300000-5000000"	18541	18539	0.497966614574787	0.61850757355419	0.61850757355419	"ns"	"0.619"
