".y."	"group1"	"group2"	"n1"	"n2"	"statistic"	"p"	"p.adj"	"p.adj.signif"	"p.adj.formatted"
"values"	"PH18_10000-300000"	"PH29_10000-300000"	68	68	-1.43492495701343	0.15130848305438	0.15130848305438	"ns"	"0.151"
"values"	"PH18_300000-5000000"	"PH29_300000-5000000"	1014	1014	-4.57174371874647	4.83682286381839e-06	9.67364572763677e-06	"****"	"9.67e-06"
