".y."	"group1"	"group2"	"n1"	"n2"	"statistic"	"p"	"p.adj"	"p.adj.signif"	"p.adj.formatted"
"values"	"PH18_10000-300000"	"PH29_10000-300000"	1363	1363	1.46647817451118	0.142518062880398	0.285036125760795	"ns"	"0.285"
"values"	"PH18_300000-5000000"	"PH29_300000-5000000"	23335	23335	0.938733618461836	0.347867528311775	0.347867528311775	"ns"	"0.348"
