".y."	"group1"	"group2"	"n1"	"n2"	"statistic"	"p"	"p.adj"	"p.adj.signif"	"p.adj.formatted"
"values"	"Embryo"	"ED"	64	64	10.0413512397024	1.00290780648689e-23	3.00872341946068e-23	"****"	"3.01e-23"
"values"	"Embryo"	"WD"	64	64	2.48449083421752	0.0129736847970881	0.0129736847970881	"*"	"0.013"
"values"	"ED"	"WD"	64	64	-7.55686040548492	4.12914698092016e-14	6.19372047138025e-14	"****"	"6.19e-14"
