".y."	"group1"	"group2"	"n1"	"n2"	"statistic"	"p"	"p.adj"	"p.adj.signif"	"p.adj.formatted"
"values"	"Embryo"	"ED"	64	64	11.7432751786351	7.64667184085446e-32	2.29400155225634e-31	"****"	"2.29e-31"
"values"	"Embryo"	"WD"	64	64	4.18959593939114	2.79451613842241e-05	2.79451613842241e-05	"****"	"2.79e-05"
"values"	"ED"	"WD"	64	64	-7.55367923924393	4.23131517576781e-14	6.34697276365171e-14	"****"	"6.35e-14"
