".y."	"group1"	"group2"	"n1"	"n2"	"statistic"	"p"	"p.adj"	"p.adj.signif"	"p.adj.formatted"
"values"	"Embryo"	"ED"	64	64	4.91331125921762	8.95509379927383e-07	2.68652813978215e-06	"****"	"2.69e-06"
"values"	"Embryo"	"WD"	64	64	1.87688808218737	0.060533434632592	0.060533434632592	"ns"	"0.0605"
"values"	"ED"	"WD"	64	64	-3.03642317703025	0.00239403106234283	0.00359104659351425	"**"	"0.00359"
