".y."	"group1"	"group2"	"n1"	"n2"	"statistic"	"p"	"p.adj"	"p.adj.signif"	"p.adj.formatted"
"values"	"Embryo"	"ED"	64	64	8.36805779693879	5.85756629866046e-17	1.75726988959814e-16	"****"	"1.76e-16"
"values"	"Embryo"	"WD"	64	64	1.32813690561564	0.184132883386338	0.184132883386338	"ns"	"0.184"
"values"	"ED"	"WD"	64	64	-7.03992089132315	1.92349006556035e-12	2.88523509834052e-12	"****"	"2.89e-12"
