".y."	"group1"	"group2"	"n1"	"n2"	"statistic"	"p"	"p.adj"	"p.adj.signif"	"p.adj.formatted"
"values"	"Embryo"	"ED"	64	64	3.84125823600212	0.000122405257788479	0.000367215773365437	"***"	"0.000367"
"values"	"Embryo"	"WD"	64	64	0.815969140815358	0.414517785569569	0.414517785569569	"ns"	"0.415"
"values"	"ED"	"WD"	64	64	-3.02528909518677	0.00248395575673634	0.0037259336351045	"**"	"0.00373"
