".y."	"group1"	"group2"	"n1"	"n2"	"statistic"	"p"	"p.adj"	"p.adj.signif"	"p.adj.formatted"
"values"	"Embryo"	"ED"	64	64	3.63130126409642	0.000281995767755542	0.000845987303266625	"***"	"0.000846"
"values"	"Embryo"	"WD"	64	64	0.520120680402772	0.602979465299664	0.602979465299664	"ns"	"0.603"
"values"	"ED"	"WD"	64	64	-3.11118058369365	0.00186340946920829	0.00279511420381243	"**"	"0.0028"
