".y."	"group1"	"group2"	"n1"	"n2"	"statistic"	"p"	"p.adj"	"p.adj.signif"	"p.adj.formatted"
"values"	"cl1"	"cl2"	64	64	6.60569169942725	3.95665541308331e-11	5.93498311962496e-11	"****"	"5.93e-11"
"values"	"cl1"	"cl3"	64	64	-6.30029974029168	2.97070600190461e-10	2.97070600190461e-10	"****"	"2.97e-10"
"values"	"cl2"	"cl3"	64	64	-12.9059914397189	4.16421123294614e-38	1.24926336988384e-37	"****"	"1.25e-37"
