".y."	"group1"	"group2"	"n1"	"n2"	"statistic"	"p"	"p.adj"	"p.adj.signif"	"p.adj.formatted"
"values"	"Embryo"	"ED"	64	64	12.4160918386056	2.13750754580593e-35	6.41252263741778e-35	"****"	"6.41e-35"
"values"	"Embryo"	"WD"	64	64	5.49228351507881	3.96769762106298e-08	3.96769762106298e-08	"****"	"3.97e-08"
"values"	"ED"	"WD"	64	64	-6.92380832352681	4.39660711366969e-12	6.59491067050454e-12	"****"	"6.59e-12"
