".y."	"group1"	"group2"	"n1"	"n2"	"statistic"	"p"	"p.adj"	"p.adj.signif"	"p.adj.formatted"
"values"	"Embryo"	"ED"	64	64	6.37187598071408	1.86729861883362e-10	5.60189585650086e-10	"****"	"5.6e-10"
"values"	"Embryo"	"WD"	64	64	0.508986598559288	0.610761617763195	0.610761617763195	"ns"	"0.611"
"values"	"ED"	"WD"	64	64	-5.86288938215479	4.54881276372595e-09	6.82321914558893e-09	"****"	"6.82e-09"
