".y."	"group1"	"group2"	"n1"	"n2"	"statistic"	"p"	"p.adj"	"p.adj.signif"	"p.adj.formatted"
"values"	"Embryo"	"ED"	64	64	10.5757871681897	3.85922960602697e-26	1.15776888180809e-25	"****"	"1.16e-25"
"values"	"Embryo"	"WD"	64	64	3.51518869630008	0.000439441627557309	0.000439441627557309	"***"	"0.000439"
"values"	"ED"	"WD"	64	64	-7.06059847188962	1.65787010728099e-12	2.48680516092148e-12	"****"	"2.49e-12"
