".y."	"group1"	"group2"	"n1"	"n2"	"statistic"	"p"	"p.adj"	"p.adj.signif"	"p.adj.formatted"
"values"	"cl1"	"cl2"	64	64	-10.343562032597	4.47584935224985e-25	1.34275480567495e-24	"****"	"1.34e-24"
"values"	"cl1"	"cl3"	64	64	-4.78288344333681	1.72798333443028e-06	1.72798333443028e-06	"****"	"1.73e-06"
"values"	"cl2"	"cl3"	64	64	5.56067858926022	2.68727702495542e-08	4.03091553743313e-08	"****"	"4.03e-08"
