".y."	"group1"	"group2"	"n1"	"n2"	"statistic"	"p"	"p.adj"	"p.adj.signif"	"p.adj.formatted"
"values"	"cl1"	"cl2"	64	64	-10.8875414598073	1.32159896915734e-27	3.96479690747201e-27	"****"	"3.96e-27"
"values"	"cl1"	"cl3"	64	64	-4.2150452693191	2.49728091720088e-05	2.49728091720088e-05	"****"	"2.5e-05"
"values"	"cl2"	"cl3"	64	64	6.67249619048816	2.51488581314613e-11	3.77232871971919e-11	"****"	"3.77e-11"
