".y."	"group1"	"group2"	"n1"	"n2"	"statistic"	"p"	"p.adj"	"p.adj.signif"	"p.adj.formatted"
"values"	"Embryo"	"ED"	64	64	7.05901088084975	1.67691943206077e-12	2.51537914809116e-12	"****"	"2.52e-12"
"values"	"Embryo"	"WD"	64	64	-1.95323689988362	0.0507915305510906	0.0507915305510906	"ns"	"0.0508"
"values"	"ED"	"WD"	64	64	-9.01224778073337	2.01875603847229e-19	6.05626811541687e-19	"****"	"6.06e-19"
