".y."	"group1"	"group2"	"n1"	"n2"	"statistic"	"p"	"p.adj"	"p.adj.signif"	"p.adj.formatted"
"values"	"Embryo"	"ED"	64	64	8.01972009354978	1.05986401984577e-15	3.17959205953731e-15	"****"	"3.18e-15"
"values"	"Embryo"	"WD"	64	64	0.37855878267847	0.705015534586477	0.705015534586477	"ns"	"0.705"
"values"	"ED"	"WD"	64	64	-7.64116131087131	2.1527115202574e-14	3.2290672803861e-14	"****"	"3.23e-14"
