".y."	"group1"	"group2"	"n1"	"n2"	"statistic"	"p"	"p.adj"	"p.adj.signif"	"p.adj.formatted"
"values"	"Embryo"	"ED"	64	64	8.92158072287201	4.59679554040682e-19	6.89519331061023e-19	"****"	"6.9e-19"
"values"	"Embryo"	"WD"	64	64	-0.308573125376568	0.757646266676811	0.757646266676811	"ns"	"0.758"
"values"	"ED"	"WD"	64	64	-9.23015384824858	2.70243464046983e-20	8.10730392140948e-20	"****"	"8.11e-20"
