".y."	"group1"	"group2"	"n1"	"n2"	"statistic"	"p"	"p.adj"	"p.adj.signif"	"p.adj.formatted"
"values"	"Embryo"	"ED"	64	64	12.0788882170601	1.36553583958466e-33	4.09660751875397e-33	"****"	"4.1e-33"
"values"	"Embryo"	"WD"	64	64	4.93717000602509	7.92643704293232e-07	7.92643704293232e-07	"****"	"7.93e-07"
"values"	"ED"	"WD"	64	64	-7.141718211035	9.21714061483887e-13	1.38257109222583e-12	"****"	"1.38e-12"
