".y."	"group1"	"group2"	"n1"	"n2"	"statistic"	"p"	"p.adj"	"p.adj.signif"	"p.adj.formatted"
"values"	"Embryo"	"ED"	64	64	5.84698355094982	5.00566981747397e-09	1.50170094524219e-08	"****"	"1.5e-08"
"values"	"Embryo"	"WD"	64	64	0.380149365798968	0.703834542907154	0.703834542907154	"ns"	"0.704"
"values"	"ED"	"WD"	64	64	-5.46683418515085	4.58144250898051e-08	6.87216376347077e-08	"****"	"6.87e-08"
