".y."	"group1"	"group2"	"n1"	"n2"	"statistic"	"p"	"p.adj"	"p.adj.signif"	"p.adj.formatted"
"values"	"Embryo"	"ED"	64	64	0.633052350288013	0.526699457367677	0.526699457367677	"ns"	"0.527"
"values"	"Embryo"	"WD"	64	64	-1.43947833419762	0.150015044162949	0.225022566244424	"ns"	"0.225"
"values"	"ED"	"WD"	64	64	-2.07253068448563	0.0382159777204116	0.114647933161235	"ns"	"0.115"
