".y."	"group1"	"group2"	"n1"	"n2"	"statistic"	"p"	"p.adj"	"p.adj.signif"	"p.adj.formatted"
"values"	"Embryo"	"ED"	64	64	8.97884171520993	2.73632096511387e-19	8.20896289534161e-19	"****"	"8.21e-19"
"values"	"Embryo"	"WD"	64	64	2.85032495193201	0.00436745833994354	0.00436745833994354	"**"	"0.00437"
"values"	"ED"	"WD"	64	64	-6.12851676327792	8.87020847459952e-10	1.33053127118993e-09	"****"	"1.33e-09"
