".y."	"group1"	"group2"	"n1"	"n2"	"statistic"	"p"	"p.adj"	"p.adj.signif"	"p.adj.formatted"
"values"	"Embryo"	"ED"	64	64	9.81548843659176	9.65691806774459e-23	2.89707542032338e-22	"****"	"2.9e-22"
"values"	"Embryo"	"WD"	64	64	6.10783918271145	1.0098903235269e-09	1.51483548529035e-09	"****"	"1.51e-09"
"values"	"ED"	"WD"	64	64	-3.70764925388031	0.000209192124378079	0.000209192124378079	"***"	"0.000209"
