".y."	"group1"	"group2"	"n1"	"n2"	"statistic"	"p"	"p.adj"	"p.adj.signif"	"p.adj.formatted"
"values"	"Embryo"	"ED"	64	64	9.45919781760026	3.10314623479455e-21	9.30943870438365e-21	"****"	"9.31e-21"
"values"	"Embryo"	"WD"	64	64	2.40814284443363	0.0160339061016601	0.0160339061016601	"*"	"0.016"
"values"	"ED"	"WD"	64	64	-7.05105497316663	1.7756632056343e-12	2.66349480845145e-12	"****"	"2.66e-12"
